Id,ORGANIZATION,NAME,GENDER,SPECIALITY,ADDRESS,CITY,STATE,ZIP,LAT,LON,ENCOUNTERS,PROCEDURES,NPI
35fedf4a-4da7-315e-a103-dbcfea0540fa,74ab949d-17ac-3309-83a0-13b4405c66aa,Ted955 Reilly981,M,GENERAL PRACTICE,881 Main Street,Fitchburg,MA,01420,42.586487,-71.80521,130,0,9999984591
de3dc7a7-3bca-38d8-997d-43d7b0656ee9,faffaf6a-ee1a-3673-b0b0-421a9c249244,Gustavo235 Armstrong51,M,GENERAL PRACTICE,66 WASHINGTON ST,STOUGHTON,MA,020722571,42.14415820061801,-71.10378319512402,36,0,9999949297
7c077da9-ebd9-338b-b2e2-d1e425a182e0,e09d4c49-c2ef-3b0f-9a46-3719d9219306,Ronald408 Emard19,F,GENERAL PRACTICE,60 HOSPITAL RD,LEOMINSTER,MA,014533290,42.54031915,-71.76312990486304,176,0,9999990390
3e14d3be-a053-3ff9-b615-e6410761f137,6fafb5d4-ecca-37ab-8d24-53036a8cbf1e,Shelley12 Nikolaus26,F,GENERAL PRACTICE,320 WEST CENTER STREET  2ND FLOOR,WEST BRIDGEWATER,MA,02379,42.016080599999995,-71.02601589317304,1,0,9999931790
e5b6626d-a260-3b94-a6de-91c007ffad61,aa682136-a4df-3942-9f50-e6fcee6c0b73,Bradley693 Runolfsson901,M,GENERAL PRACTICE,501 CORDWAINER DRIVE,NORWELL,MA,020611630,42.1647071,-70.88149077838713,3,0,9999891895
255895f7-d1f9-30e4-973b-42ffe6c3a792,03d0392a-7361-32b3-81c9-8c8ac985be00,Cameron381 Daniel959,F,GENERAL PRACTICE,280 WASHINGTON ST STE 204,BROOKLINE,MA,024451922,42.33302785,-71.1193506756953,29,0,9999964197
364dc66e-7bd0-3580-85d7-327b98af39d5,a418cf76-2ee3-3736-a752-29ee33e86015,Francene766 Kuhlman484,F,GENERAL PRACTICE,62 CENTER STREET,FAIRHAVEN,MA,027193823,41.63663425,-70.90101829397507,1,0,9999908996
170e1c2c-7711-3196-8348-2c91f2571c0f,42d4b607-f14d-370a-818e-40965685776c,Marchelle563 Hettinger594,F,GENERAL PRACTICE,3 WASHINGTON ST STE 220,NORTH EASTON,MA,023561034,42.0667665,-71.1036592,38,0,9999957993
fb885f7c-4155-39b9-bc7e-e1a1c5ebcf1f,ab701a70-a658-340e-8f69-ee196a7d40c6,Jolie499 Parisian75,F,GENERAL PRACTICE,484 RTE 134,WORCESTER,MA,016071728,42.2625621,-71.8018877,14,0,9999939991
3378210d-d67d-3d1c-9540-1916b1e62509,11ba6a26-59b4-3728-a268-6dc9929962b4,Angelic427 McCullough561,F,GENERAL PRACTICE,200 GOVERNORS AVENUE,MEDFORD,MA,021551644,42.42711615,-71.1121606632448,8,0,9999894790
8d262055-c5dc-30df-be47-547efe9aaffb,88e28a1c-aad9-36d0-832b-b579ecb95c3d,Cherish740 Toy286,F,GENERAL PRACTICE,14 MANNING AVENUE,LEOMINSTER,MA,014535768,42.5253035,-71.7584413,55,0,9999978395
8f0e7837-c541-3024-9339-0c9cdfaa1d29,59d1f454-5701-3f71-8fe7-94f785e15062,Lourdes258 Lesch175,F,GENERAL PRACTICE,57 OLD ROAD TO 9 ACRE CORNER,WEST CONCORD,MA,017423317,42.4566859,-71.3942316,1,0,9999902692
b8c18c77-9bda-36f3-aaaf-73d78b51da16,1311c44a-85cb-3aea-a143-e5d7892ced8b,Kathrine376 Reinger292,F,GENERAL PRACTICE,300 KENSINGTON AVE,SPRINGFIELD,MA,011071139,42.091896,-72.559437,11,0,9999957597
a6e3a37b-dbf4-365c-b0b4-95b294c6d399,a4af40b8-0ddb-34bb-ae4a-95a17e9ad6f3,Tambra47 Heaney114,F,GENERAL PRACTICE,100 MYLES STANDISH BOULEVARD  SUITE 103,TAUNTON,MA,027807340,41.948930849999996,-71.14141318475193,4,0,9999907295
e140b0c4-a40b-317e-b2bb-0e6860db8744,009f87f0-4bb6-350c-ba41-0b3235a7ca43,Delbert384 Tromp100,M,GENERAL PRACTICE,277 ELLIOT ST,NEWTON UPPER FALLS,MA,024641201,42.3134306,-71.2206105,2,0,9999898999
48297ce4-843c-3ee5-b27b-96097c3922ee,bdc3ee76-9cf3-316d-b202-a8da1ea3fa20,Harland508 Rippin620,M,GENERAL PRACTICE,130 RUMFORD AVENUE  SUITE 211,AUBURNDALE,MA,024661370,42.35853505,-71.24125521214887,10,0,9999906792
6c5eb097-9dd1-314e-b97a-bb6258b3428f,7f08f09e-c5f7-38cd-83ba-ddafedd88a13,Shayne60 Pacocha935,M,GENERAL PRACTICE,133 SALEM ST,REVERE,MA,021511114,42.43833805,-71.01730877599738,1,0,9999869594
026c51c4-d207-3ec7-8786-7c8231456c2e,643eac8e-1620-3b6a-b9f3-664b003d22cd,Frederick289 Kiehn525,M,GENERAL PRACTICE,34 GIFFORD ST,NEW BEDFORD,MA,027442610,41.6177929,-70.91890087055067,73,0,9999949594
84e046b8-c01b-3ab0-a425-daebba961156,8e3ca57f-6f74-3d61-9803-ab1424290216,Concha418 Mann644,F,GENERAL PRACTICE,89 MORTON STREET,ANDOVER,MA,018102036,42.6551409,-71.12857340697036,68,0,9999894394
ef159c90-21f2-34a3-ab95-4c0598b5fedf,5fcff9db-16e4-3e56-aa78-abbc16338097,Marcus77 Schamberger479,M,GENERAL PRACTICE,295 VARNUM AVE,WESTFORD,MA,018863513,42.5792583,-71.4378411,401,0,9999994798
362c2d2a-ad43-316b-b0d9-84405eaf46d6,fa09396a-2926-3b21-ad0c-9f6cabbce0eb,Moshe758 Bartoletti50,M,GENERAL PRACTICE,1210 BOSTON PROVIDENCE TPKE,NORWOOD,MA,020625061,42.1714075,-71.1951186,1,0,9999940197
cf7e8d3d-221a-376f-a83c-51f97f0fe62d,84abfbd5-41c1-3df4-9b31-7ca93cb2309a,Cole117 Block661,M,GENERAL PRACTICE,85 HERRICK ST,BEVERLY,MA,019151790,42.56415055,-70.8751357650672,28,0,9999953190
978b6103-bc5e-3c77-a066-133aa89bbbf1,1ddd51d1-7297-3c3b-bad5-98aecd5e4a79,Dinah304 Kub800,F,GENERAL PRACTICE,127 CAMBRIDGE STREET  SUTIE #2B,BURLINGTON,MA,018033735,42.50188325,-71.19559351572005,8,0,9999922690
59f88cb1-79de-3625-bf4b-8650be4b9da9,f6a306cf-7bd6-35f4-a6b7-2d07d273914c,Ariel183 Von197,M,GENERAL PRACTICE,63 FOUNTAIN ST STE 402,FRAMINGHAM,MA,017026280,42.27595495,-71.42631150114194,35,0,9999943092
8fc3ad99-f476-343c-bded-ef36802e3f51,02c936e2-3aee-38b2-88a4-81f3689b7bb7,Royce974 Kohler843,F,GENERAL PRACTICE,120 FISHER AVENUE,BOSTON,MA,021203320,42.3276141,-71.1051603,13,0,9999888099
081ca9b3-c6f0-3d99-b5d4-8e55fed12b63,5f7663da-4b19-3629-b8f2-fb07d75421d9,Savanna736 Johnson679,F,GENERAL PRACTICE,42 ASBURY ST,SOUTH HAMILTON,MA,019821808,42.61322825,-70.87300675048934,61,0,9999941492
b3783ae2-16cf-3ca1-bb70-ab62b99dc43e,bf556284-7513-3620-a10e-5393183a9a87,Barbara209 Amaya149,F,GENERAL PRACTICE,795 MIDDLE ST,FALL RIVER,MA,027211733,41.6924092,-71.16345107025307,13,0,9999985994
d3e4f7c6-32c4-3b53-9ea1-87b81d3376fc,a14e698d-a9ba-3eae-9c8b-682ec726433d,Brian582 Cummerata161,M,GENERAL PRACTICE,776 WESTERN AVE,LYNN,MA,019052408,42.466763,-70.9494939,1,0,9999937995
ed130f82-72d5-3eac-a7ef-5657103dab1e,dd9914b0-9491-3330-a890-d34e95e497ea,Taylor21 Haley279,M,GENERAL PRACTICE,1061 PLEASANT ST,NEW BEDFORD,MA,027406728,41.64280275,-70.92865004309593,8,0,9999967794
03e7705a-50ec-3361-8677-87e568dac31b,a247ed53-5f17-3eb5-87be-1d2257fa1579,Kayleigh718 Weissnat378,F,GENERAL PRACTICE,44 KEYSTONE DR,LEOMINSTER,MA,014531904,42.55144955,-71.74402465363428,1,0,9999869198
f62521f3-d947-35b4-b1e6-82347e878051,b6eeaaf7-1683-3bcb-b6ee-81ce304636ef,Zachery872 Pagac496,M,GENERAL PRACTICE,170 GOVERNORS AVE,MELROSE,MA,021763225,42.4564323,-71.064182,32,0,9999989095
155c3597-60b7-3268-ad21-c3bf4b25db99,65eda534-1bdc-3192-8d02-1c3764447790,Alonso270 Hand679,M,GENERAL PRACTICE,1244 BOYLSTON ST,CHESTNUT HILL,MA,024672115,42.3214927,-71.1711481,66,0,9999968297
2b8a0595-ada5-3e2e-8581-df33e711997e,d613e441-68e8-3502-8adb-3f770a1276bf,Emmaline88 Witting912,F,GENERAL PRACTICE,114 WATER ST,MILFORD,MA,017573007,42.13661855,-71.53474614336832,73,0,9999960096
cf73587c-12fd-3d58-bdd6-0fd4085f94d1,6c064003-fa5a-38a5-b48c-36c5a9643e2b,Alysia661 Franecki195,F,GENERAL PRACTICE,2343 WASHINGTON ST,ROXBURY,MA,021193200,42.329843,-71.084608,62,0,9999917195
d45fc162-fa83-341d-b666-2519cf41ac97,b03b624d-c939-3688-986d-9555b8009a3b,Bennett146 Hartmann983,M,GENERAL PRACTICE,230 MAPLE ST,HOLYOKE,MA,010405144,42.207406,-72.608419,24,0,9999981894
df770d9c-95c9-3880-b9fd-8196295aa7db,ace1ac31-036a-38fd-b451-b3b87157c717,Raphael767 Thompson596,M,GENERAL PRACTICE,170 MORTON ST,BOSTON,MA,021303735,42.299067750000006,-71.10124351911541,31,0,9999979096
430ccdd9-d3bd-3fbb-814e-543a1ce358a6,18061fd5-fda8-3e2d-87f0-0f3c87211bcc,Omer483 Koepp521,M,GENERAL PRACTICE,1493 CAMBRIDGE ST,SOMERVILLE,MA,021431408,42.3875968,-71.0994968,27,0,9999992792
046efffa-5f3f-3d01-8a0e-43057e2be60a,76281d34-caff-30e0-8545-bcdf33182109,Jewell855 Schmeler639,M,GENERAL PRACTICE,500 WILBUR AVENUE,SOMERSET,MA,027252051,41.72075205,-71.16843052114558,3,0,9999888396
97845c8f-ac04-3882-b5e3-710cb7f09385,b3ada130-6443-3a8e-98c7-4ec127a2b0c4,Natalya468 Haley279,F,GENERAL PRACTICE,ONE GREAT ROAD,ACTON,MA,017205601,42.4850931,-71.43284,30,0,9999895193
68ef7b58-c205-31ff-ae01-d4000d280e27,811cc811-0061-341c-a719-9ba7ef8dc699,Tandy422 Sporer811,F,GENERAL PRACTICE,245 VINEYARD HAVEN-EDGARTOWN ROAD,EDGARTOWN,MA,025396941,41.395500350000006,-70.5300948008162,32,0,9999973495
d0fd8973-3052-3b9b-8637-09e0c58850ad,acffdfa8-1383-3929-8c99-e73969491439,Iva908 O'Keefe54,F,GENERAL PRACTICE,1153 CENTRE ST,BOSTON,MA,021303446,42.3017598,-71.12855793387442,48,0,9999992297
46c29449-4e5d-305e-8fe3-95afba1f5cea,545dcda5-7471-374e-9251-b4b685197d3c,Teodoro374 Koss676,M,GENERAL PRACTICE,175 CONNORS STREET,GARDNER,MA,014402637,42.5730593,-71.99713285,22,0,9999981191
19044a97-68c4-38fd-a298-37d7032843f6,1e11392b-1278-3e70-93cd-f396cbd0c265,Gino587 Block661,M,GENERAL PRACTICE,115 LINCOLN ST,NATICK,MA,017607700,42.2843753,-71.3441395,143,0,9999996397
5a65232f-4323-3b7d-a9a5-a001f6c323a8,6cf8a214-8d57-3267-85e5-7719e15cd63e,Cindie288 Zulauf375,F,GENERAL PRACTICE,170 MORTON STREET,JAMAICA PLAIN,MA,021303735,42.299067750000006,-71.10124351911541,181,0,9999999995
ea7fdf1f-73df-3493-ac4d-eeb822865ee8,3c6efeb4-3e73-3d5a-9d45-8fbf9f389bed,Wilfredo622 O'Kon634,M,GENERAL PRACTICE,40 WASHINGTON STREET SUITE 110,WELLESLEY HILLS,MA,024811802,42.2925555,-71.2956739,6,0,9999928994
fae37961-d626-3bf6-a39d-622e472f5c3b,0fedae9f-701f-3317-9b2f-69aea2202cdc,Willian804 Batz141,M,GENERAL PRACTICE,88 EAST NEWTON STREET,WINTHROP,MA,021522715,42.3750976,-70.982827,23,0,9999993998
56bcd94f-4d2f-3701-a4e4-7c7259261477,0cc04ba5-137a-3ef8-acda-e79b25960b2a,Bernardo699 Homenick806,M,GENERAL PRACTICE,25 ADAMS ROAD,WILLIAMSTOWN,MA,012672928,42.7009605,-73.18515951851253,1,0,9999887398
a7db224a-b937-3e39-be28-5431d106bfdb,a3327df4-d092-350b-b551-e60c82076c9a,Debra128 Predovic534,F,GENERAL PRACTICE,46 NORTH MAIN ST,W BROOKFIELD,MA,015853232,42.23754835,-72.13791547215251,39,0,9999957894
d38fde76-27d5-3434-b796-06c020e825f7,aade280a-3b90-3e48-9648-91109a964a63,Josef103 Klein929,M,GENERAL PRACTICE,909 SUMNER ST,DARTMOUTH,MA,027473826,41.6332267,-70.9879928,75,0,9999985390
078ffffe-ec9e-347b-b419-abf3e6077f79,981338c4-287c-3621-bc45-8b0b9f1b8922,Rosa195 Caraballo427,F,GENERAL PRACTICE,640 BOLTON ST,MARLBOROUGH,MA,017523999,42.3658183,-71.55914630258509,35,0,9999955898
0c7ec305-444a-3054-9718-196281023a20,e59fb2d5-508c-38c6-af2e-21d8216dd2b0,Logan497 Fisher429,M,GENERAL PRACTICE,759 CHESTNUT ST,WARE,MA,010821625,42.256476,-72.237482,36,0,9999998195
ed9ec70c-1294-3cdc-9000-97026df08396,84de2bcf-1b1a-3ce2-9f6d-9e0cb34991f6,Jack927 Rippin620,M,GENERAL PRACTICE,45 DAN RD,WELLESLEY,MA,024813503,42.2964859,-71.2925571,62,0,9999945493
7bfefba1-5343-3a75-b8f6-b63f7de24073,0f9d1260-db33-3483-b2b6-5483cfcb739c,Ricardo560 Rendón540,M,GENERAL PRACTICE,361 WOODWARD ST,WABAN,MA,024682027,42.326011949999994,-71.2254251580706,45,0,9999958793
3a6cfaa1-04d2-37af-96e1-f9a92a5de777,712509af-be0c-3f54-a34c-f4796e538e4e,Kristofer887 Cruickshank494,M,GENERAL PRACTICE,200 MILL ROAD SUITE 120,FAIRHAVEN,MA,027195252,41.650636,-70.88137185966522,26,0,9999931592
3dc9b3d2-07f5-3abd-9e5b-40923fb40ac2,980d9bfa-a344-3bff-8c02-232dd0e8fd34,Waylon572 Lakin515,M,GENERAL PRACTICE,100 TRADE CENTER SUITE G-700,WOBURN,MA,018011851,42.4792618,-71.1522766,26,0,9999943597
bd0d9d9d-ef57-383d-85c7-4eb4c49f6473,440fa4b8-c731-3cf5-81d9-aa3f30a37b95,Joanna347 Abbott774,F,GENERAL PRACTICE,41 & 45 MALL ROAD,PEABODY,MA,019602901,42.5278731,-70.9286609,98,0,9999996793
1ad39563-df37-3584-aade-bb256157159e,0fab3c4e-a028-39a6-b15a-be5a88b6aa2a,Cletus494 Paucek755,M,GENERAL PRACTICE,222 STATE STREET,LUDLOW,MA,010563437,42.15547415,-72.47222226666076,176,0,9999996892
3aadffc5-0246-3fc8-8981-6c99c5a22e8b,3b021cb6-4745-3d9d-8436-230055f770bd,Lola232 Collado928,F,GENERAL PRACTICE,148 CHESTNUT ST,NEEDHAM,MA,024943238,42.27728075,-71.23665362814043,326,0,9999999193
703c4f39-834c-3f8d-87c8-1281a42e0915,86880e58-8753-3c63-b057-33781df70528,Glenn0 Keeling57,F,GENERAL PRACTICE,49 SAMOSET AVE,HULL,MA,020452512,42.2810432,-70.8703157542509,45,0,9999940791
9c2b0eea-4f9c-3e28-8543-d9e554621e7a,34f0b10a-5e29-31de-a75e-e0bb03c0c0d4,Dierdre747 Leuschke194,F,GENERAL PRACTICE,56 COLPITTS RD,WESTON,MA,024931568,42.36610065,-71.3036759,88,0,9999959197
470dace8-1f37-339d-89a9-1419af6b4db5,929d7ec5-3ee7-35ab-a056-91f60788c234,Xuan162 Feest103,F,GENERAL PRACTICE,474 PLEASANT ST,NORWOOD,MA,020624531,42.1816837,-71.19722229999999,28,0,9999944397
98a1397a-6fa0-3cb6-a667-84971834129d,e9a24be5-b0a3-3fd2-a606-dd13498024ea,Estella474 O'Hara248,F,GENERAL PRACTICE,85 E MAIN ST STE A,NORTON,MA,027662307,41.971697,-71.17689334021827,79,0,9999944892
b48a74f7-71a4-3c10-bcfd-aec1146f52c8,2befa435-3070-3350-a15c-e43ac1e84b24,Teressa589 Schuster709,F,GENERAL PRACTICE,575 BEECH STREET,HOLYOKE,MA,010406604,42.20105435,-72.628169560868,1,0,9999908897
a814538f-c305-35f6-93ff-645e767c9352,00ffb204-07b4-3c72-a678-fa252e6cf86c,Kathlene786 Satterfield305,F,GENERAL PRACTICE,450 BEDFORD ST,LEXINGTON,MA,02420,42.47370735,-71.25090005,30,0,9999963298
876be811-c588-38a4-ae9d-d6d24ddacb8c,ad82d624-72eb-3c7d-a76d-79f2668d1390,Mathew182 Howe413,M,GENERAL PRACTICE,3 WOODLAND RD,STONEHAM,MA,021801711,42.452443099999996,-71.08939988105112,33,0,9999956292
54fc623c-9647-352d-87ab-74e31055cb9c,8424b5ec-ba0a-32e9-94ae-a9d397884093,Booker670 Casper496,M,GENERAL PRACTICE,49 BLANCHARD STREET  SUITE 101,LAWRENCE,MA,018431456,42.69651155,-71.1612176954981,6,0,9999924498
ee81d257-961b-3f03-b072-3c63642930ad,24460683-f514-37ef-98c1-724b2fc9aa2a,Simonne139 Wilderman619,F,GENERAL PRACTICE,60 HODGES AVE,TAUNTON,MA,027803034,41.91158935,-71.10129620180315,83,0,9999986992
3542df0e-a8b8-38db-a81e-b7dc3242efcd,945104f1-4b95-3eed-bd02-5efa0afbf34d,Lauri399 Keebler762,F,GENERAL PRACTICE,20 CENTRAL AVE # 506,LYNN,MA,019011201,42.46410018181818,-70.9465129090909,1,0,9999905190
0645df3e-11c3-3d73-9048-567a1d93c2a5,3076e02a-deac-3e81-96a9-1d32cbda6fca,Cecil300 Kilback373,M,GENERAL PRACTICE,59 EASTWOOD CIRCLE,GARDNER,MA,014403901,42.567006649999996,-71.97817904424542,1,0,9999876698
061a2c05-e2d3-3bc4-9514-e703607037de,fbd4ccdf-2fdb-3652-9bbe-1ccff886bd34,Jermaine675 Collins926,M,GENERAL PRACTICE,320 CENTRAL STREET  UNIT A2,SAUGUS,MA,019062372,42.4632069,-71.0093761,2,0,9999923797
4bbb3847-e30b-3607-a827-d0e0678497e6,65f0254a-73a3-3b06-bced-54d511445535,Elbert916 Carter549,M,GENERAL PRACTICE,720 BOSTON POST ROAD,MARLBOROUGH,MA,017523766,42.355106,-71.47654,7,0,9999901694
48b16ca9-484f-32b6-8ef7-96fe15ce872e,901c2d40-1ca3-3879-9a20-c663b8adc0a9,Emory494 Schuster709,M,GENERAL PRACTICE,800 WASHINGTON STREET,STONEHAM,MA,021802445,42.4863168,-71.0928919,79,0,9999998898
0a7ae528-f029-3661-849c-03b0bf3a890b,b9e35b8a-9831-32d8-a6dc-d7a546c126b0,Venus149 Blick895,F,GENERAL PRACTICE,111 HUNTOON MEMORIAL HIGHWAY  1ST FLOOR,SPRINGFIELD,MA,011092550,42.1018764,-72.5886727,4,0,9999999599
6e0e62ba-6eea-380a-b7d5-fa26dfe29e1e,22249c0a-8ce9-3726-a3bb-b037c773ce5c,Emilia403 Jurado563,F,GENERAL PRACTICE,337 NEPONSET AVENUE,DORCHESTER,MA,021223103,42.2875144,-71.0470691675753,2,0,9999887992
a1b97c2a-6222-30d6-ba2f-4bbab53dd774,7a75decf-7d3f-3b0d-8c2b-3abf0a8c7f58,Afton574 Kulas532,F,GENERAL PRACTICE,169 LIBERTY ST,MIDDLETON,MA,019491003,42.615226050000004,-71.0144865346162,25,0,9999944595
cb4dc47a-a7f2-3191-a0c9-2973b1304fa7,18df2721-3f76-3f83-94d5-63597cedd298,Juan88 Delvalle807,M,GENERAL PRACTICE,909 SUMNER ST,STOUGHTON,MA,020723396,42.1005097,-71.0830269025407,103,0,9999989194
083a9aa3-4783-3e96-b3bc-4419fc064372,b1965e0b-9ef4-3e96-bad6-cb88ea7e7324,Lala778 Breitenberg711,F,GENERAL PRACTICE,1 HOSPITAL RD,OAK BLUFFS,MA,025571406,41.46063105,-70.57989080295974,42,0,9999971994
7ae80cde-6177-3bb4-825f-8810d4c2a14a,2f735290-1603-31b5-b561-7c8e0d413170,Amado512 Adams676,M,GENERAL PRACTICE,100 FOXBOROUGH BLVD STE 230,FOXBOROUGH,MA,020352878,42.041851949999995,-71.23486657070565,55,0,9999941997
5a2ef0ce-4a09-31f5-8496-3ac4e406a0c8,e1818b21-4458-3b9c-b2b8-7ed6f57ae078,Sid118 Wilderman619,M,GENERAL PRACTICE,2399 BOSTON ROAD,WILBRAHAM,MA,010951185,42.14668485,-72.45048427046072,10,0,9999900399
3cf7b1f9-2524-33ae-8fde-71ac89316d79,200746fc-5d0f-3ec7-a2a9-3d9a219ee139,Arlen68 Rippin620,M,GENERAL PRACTICE,800 CUMMINGS PARK  SUITE 3100,WOBURN,MA,018016355,42.4977745,-71.1237712,1,0,9999908194
febd162a-a116-3b23-908c-fc6992cd1845,dd3307db-114c-3f11-be44-a9eef6bb3fc5,Francis500 Ratke343,M,GENERAL PRACTICE,269 UNION STREET,LYNN,MA,019011201,42.4652772,-70.94362420273097,32,0,9999977793
3adec60d-8536-36d1-b8a9-1579dba7c462,f2068cee-c75c-321d-9b2c-c33535db89c9,Charles364 Prosacco716,F,GENERAL PRACTICE,32 BOSSI AVE,RANDOLPH,MA,023682002,42.20017865,-71.0582074,28,0,9999946293
4cbda0da-7e40-3232-827d-abb75be40ff7,655f2a4f-419c-39d3-8ed6-6c4117eb7e32,Gerardo48 Herzog843,M,GENERAL PRACTICE,21 MAIN ST,NORTH READING,MA,018641326,42.566971949999996,-71.10799861135133,100,0,9999956995
29f382ca-7699-3e0e-a69f-fff4a7624634,118e081c-c2f2-35cd-b9c3-ef534f1b7830,Brooks264 Ziemann98,M,GENERAL PRACTICE,1364 MAIN ST,READING,MA,018671137,42.55581805,-71.10585713492983,3,0,9999870592
a7f200fe-ebb4-340f-87b6-cc924271580f,5018c664-e283-30eb-932a-529d9a19b3b5,Rochell365 Stehr398,F,GENERAL PRACTICE,300 SOUTH ST,WOBURN,MA,018014979,42.473347,-71.144086,56,0,9999995399
56c4f30b-7d23-3d4e-92dd-b5b84fd0edf4,2e8b42f8-4300-30a9-a576-d513d1021a0a,Beverlee316 Haag279,F,GENERAL PRACTICE,600 CLARK RD,TEWKSBURY,MA,018761699,42.63120935,-71.27023603178071,16,0,9999959890
73ce866a-8327-3b98-8a44-7942a6eb0ba2,5ba77f2c-8ce5-3dde-bb46-3ffcceb3bfbf,Cedric746 Quitzon246,M,GENERAL PRACTICE,188 FLORENCE ST,CHESTNUT HILL,MA,024672641,42.31835025,-71.17401686317635,1,0,9999875195
ae59c705-afc7-31b2-971f-7cf749210e73,4ff8b164-4cf5-3ab4-b0f2-7ce8fda920e5,Latrisha74 Mante251,F,GENERAL PRACTICE,800 WASHINGTON ST,WORCESTER,MA,016550002,42.180483,-71.867782,33,0,9999947390
13a607f1-5369-353c-8884-40572ca6c2a9,39c15c0f-5c49-311e-99d2-1fb99d80e06e,Nancie476 Homenick806,F,GENERAL PRACTICE,398 NEPONSET AVE,DORCHESTER,MA,021223134,42.286764399999996,-71.04402811508834,11,0,9999977496
abaa1244-0d3b-3f9b-b8ce-9a6545b066bf,c3e56d13-ebb5-3d4d-908f-3f2a6a4de7aa,Alonzo487 Reynolds644,M,GENERAL PRACTICE,233 MIDDLE ST,BRAINTREE,MA,021844840,42.2180597,-70.9924896,2,0,9999878199
05e4e2bb-75df-350a-a145-c26ae13d1646,8f22037a-070f-3fcf-8f39-fa879f0ae107,Ina660 Hermann103,F,GENERAL PRACTICE,567 DARTMOUTH ST,S DARTMOUTH,MA,027481826,41.61112,-70.93937914285715,1,0,9999892398
25a63771-aea1-310b-ad1e-004c7a015b49,bccd7d67-203c-3d93-b6b0-bff5a146cd1d,Courtney281 Kihn564,M,GENERAL PRACTICE,286 WASHINGTON ST,STOUGHTON,MA,020721763,42.1384306,-71.1022598,17,0,9999939694
aac4346d-d422-3dbf-bc38-465c77525f42,63cb4d95-04a9-3a35-b5d9-f89e0377a48d,Chu728 Weber641,F,GENERAL PRACTICE,211 PARK ST,ATTLEBORO,MA,027033143,41.9419187,-71.2752081695297,14,0,9999996090
42dfd2f9-1027-3e4c-a336-3858dcfcb492,263d1b03-1560-3fc3-b93d-c33a0cbd5837,Nam74 Treutel973,F,GENERAL PRACTICE,10 RIVERSIDE DRIVE  STE 201,LAKEVILLE,MA,023471689,41.8771119,-70.92344635,5,0,9999907097
a675417c-0574-3b22-9b46-4ac35245353c,4e880cb9-1ca0-3582-b8cf-8a59b0d2b878,Haywood675 Bednar518,M,GENERAL PRACTICE,51 S CHURCH ST,PITTSFIELD,MA,012016178,42.44648205,-73.25863241543368,29,0,9999960690
f923629d-fc25-36f9-9839-ce67161e24f7,432821fe-58ed-33eb-823c-b4447a52c7e9,Caridad510 Tirado305,F,GENERAL PRACTICE,1071 VARNUM AVE,LOWELL,MA,018541131,42.64497212195122,-71.36843231707317,1,0,9999886598
254872a4-7ff2-3b70-997b-49b37a0046eb,a2a41caf-758f-3962-8e5f-e6e603f93d17,Noelle559 Padberg411,F,GENERAL PRACTICE,111 HUNTOON MEMORIAL HWY,ROCHDALE,MA,015421305,42.2020225,-71.89891616754682,244,0,9999989590
70a0f202-4c2f-32b7-b6e3-fe05ad374306,db28cc9a-fdfb-35a6-aef7-ab9b933ef244,Jorge203 Cano735,M,GENERAL PRACTICE,8 DANA STREET,CAMBRIDGE,MA,021385402,42.3694992,-71.11011030010101,21,0,9999890293
b107a6fb-c17e-3ae8-b818-b05af96f6a5a,ee6705d5-db4a-3120-bbe1-1e72972a841f,Erick204 Huel628,M,GENERAL PRACTICE,101 JACKSON ST,LOWELL,MA,018522103,42.64221447368421,-71.31029421052632,23,0,9999981597
60561eb9-6e44-3ad6-bc0c-5f1ba81054c6,c7542447-e06e-32cb-b6db-243c23a0dbc2,José Emilio366 Leyva523,M,GENERAL PRACTICE,30 WARREN ST,BOSTON,MA,021353602,42.3501483,-71.14393324457691,184,0,9999991695
946d4297-9b88-3632-b766-e34243c5ae37,d9fe2c9c-135e-3da3-8de8-1a0ff165d886,Bettina657 Marquardt819,F,GENERAL PRACTICE,1430 MAIN ST,WORCESTER,MA,016091121,42.2492003,-71.92931780325071,40,0,9999967992
d991fea7-c8ac-3662-9676-7be8a1564a13,8bf5325a-c11b-35c4-b07d-17a5aeba8353,Dorotea472 Escamilla823,F,GENERAL PRACTICE,815 WORCESTER STREET,SPRINGFIELD,MA,011511001,42.1018764,-72.5886727,8,0,9999907196
b5bb43da-b8f5-3476-bb96-7a144873c845,aba3e6f6-4562-342e-b90f-dd61b117f394,Maryjane289 White193,F,GENERAL PRACTICE,438 CHESTNUT STREET,SPRINGFIELD,MA,011072008,42.11291091861002,-72.59692685125127,2,0,9999939595
6686a8c8-2230-3b1d-ad5f-b42219997fd5,a4b91172-69e7-3895-bd89-b9a0868de5c2,Salvador46 Wolff180,M,GENERAL PRACTICE,651 ORCHARD ST,NEW BEDFORD,MA,027441052,41.6149879,-70.93113851963673,57,0,9999961094
3da3901b-7832-347b-9e39-9fbecc1dc330,47fb5a56-bee5-3ecd-9958-706b20831c82,Ezra452 Torp761,M,GENERAL PRACTICE,600 CUMMINGS CENTER  SUITE 270X,WOBURN,MA,018016356,42.4792618,-71.1522766,3,0,9999934091
c6fde204-071e-39e4-b582-9f064386b375,72f50aa0-d8c9-34dc-ac58-c428323f3bcd,Ricky354 Little434,M,GENERAL PRACTICE,55 FRUIT ST,BOSTON,MA,021142696,42.36286045,-71.06875296664998,83,0,9999979294
25162b3c-536e-3fe6-af7b-eb5f22af6899,eee00932-ca82-36bc-b7e8-e3fff6dbaeaa,Leif534 Hane680,M,GENERAL PRACTICE,450 BROOKLINE AVE,WEYMOUTH,MA,021893141,42.2212188,-70.9391625,186,0,9999998799
a4c2a727-44d2-3281-a1f9-92c68b434a8f,be509ccb-bfb7-3b87-8945-8426b689ef9d,Man114 Balistreri607,M,GENERAL PRACTICE,2049 DORCHESTER AVENUE,BOSTON,MA,021244742,42.3554334,-71.060511,13,0,9999888891
59c18e52-3074-36c0-a23e-e0df17117336,a06b1a97-d6ce-3ea1-ba4a-2ef85a8114ab,Wanda961 Goyette777,F,GENERAL PRACTICE,400 GROTON ROAD,AYER,MA,014321171,42.57821195,-71.5733060441645,2,0,9999889592
51c74f32-f8c9-383a-a5e1-4726df7a2d63,73c7eaf8-f8b3-383f-b3e1-4d8ff5ca255d,Alfonso758 Quintero729,M,GENERAL PRACTICE,161 FALMOUTH RD,MASHPEE,MA,026492662,41.6314877,-70.46769809885944,3,0,9999880492
7a149352-0c69-3fc5-a0c6-3fe04570289c,6873525f-1680-3ceb-b536-270d44b46e2e,Lai148 Nicolas769,F,GENERAL PRACTICE,500 COLUMBIA RD,DORCHESTER,MA,021252322,42.3147979,-71.067633,41,0,9999978197
972e6472-6f0f-38e2-8c9f-da3fe6d855f5,6c7fe370-02c4-3537-8f5e-373b2168b933,Shon148 Swift555,M,GENERAL PRACTICE,60 HOSPITAL ROAD,LEOMINSTER,MA,014533791,42.54031915,-71.76312990486304,2,0,9999910299
e42c9f74-8ef5-3227-a56d-93ae10d670d2,bce5b907-584b-345d-bbcf-912cf56cb6c3,Monte325 Parisian75,M,GENERAL PRACTICE,11-15 SANDERSDALE ROAD,WORCESTER,MA,016032467,42.0667952,-72.0084995,28,0,9999949495
314e6e4b-8b6e-330d-b3d4-14673ba82a2c,8d5880eb-1dd8-31ea-b7c5-21709f3bb341,Jared66 Satterfield305,M,GENERAL PRACTICE,50 ROWE ST,MELROSE,MA,021763201,42.4592093,-71.06078096379728,35,0,9999958991
945d5de8-a567-38eb-b582-5a6255216b09,f99f149d-87f2-3900-b433-d2d87144e34e,Marhta321 Metz686,F,GENERAL PRACTICE,1 HOSPITAL RD,OAK BLUFFS,MA,025572747,41.46063105,-70.57989080295974,3,0,9999903294
0edb90a1-1400-320a-8e4e-e3d3964308c2,3ff0f58b-7a1f-3334-9449-ff15f68b7d86,Crystle668 McCullough561,F,GENERAL PRACTICE,275 SANDWICH ST,PLYMOUTH,MA,023607761,41.94186605,-70.6455366462985,83,0,9999998997
7b0db8ab-786e-338c-beba-9e5d67182e44,70e3ad4f-b9ff-3f3e-9990-2cd7e23a9d1c,Zane918 Bosco882,M,GENERAL PRACTICE,1238 RIVERDALE ST,WEST SPRINGFIELD,MA,010894675,42.1373438,-72.62624707492338,1,0,9999937896
7c5f7d04-ae61-3c6a-a1ae-02b79bf75398,dd280187-8662-3732-af81-595d10572911,Clifton91 Lakin515,M,GENERAL PRACTICE,4499 ACUSHNET AVE,NEW BEDFORD,MA,027454707,41.74026055,-70.9450945705336,74,0,9999986794
b4485d03-8ddc-3cf1-8dba-02132a7cfce4,dae3ee01-f383-366e-9ad6-dc92963064ea,Orville751 Will178,M,GENERAL PRACTICE,1233 MAIN ST,HOLYOKE,MA,010405381,42.16578055,-72.63389634691956,9,0,9999993394
24115b7b-28b4-3c6c-88dd-a0b3b9d961a9,371948e4-733a-33b6-a835-68abefdeb59f,Roxanna261 Gleichner915,F,GENERAL PRACTICE,197 ADAMS RD,WILLIAMSTOWN,MA,012672930,42.704126099999996,-73.19043030392987,28,0,9999972299
b2317619-e461-3f35-892b-ab7a353b4086,679a8e99-0f35-3eec-94ed-d8341e9fe33c,Tony646 Hahn503,M,GENERAL PRACTICE,140 WEBB STREET,WEYMOUTH,MA,021882736,42.22281125,-70.96226691624932,4,0,9999899997
e8103601-9fd7-328b-bc38-c6dabfa8f059,9d989fcf-4ad9-3972-ada3-f275d967781e,Dominic463 Miller503,M,GENERAL PRACTICE,100 TER HEUN DR,SANDWICH,MA,025632377,41.7579043,-70.4968152,108,0,9999996199
a82e3555-6eae-3547-a7f9-fe1891fa55f4,b69bccdc-5ad3-3ded-a018-3cd8f369c9d2,Marleen824 Ziemann98,F,GENERAL PRACTICE,120 S MAIN STREET,CENTERVILLE,MA,026323246,41.649898300000004,-70.34309844876677,6,0,9999884791
e6ce8c22-3543-3b4d-8f64-c7c0e1e1f19b,de32e6d9-848e-35d4-a217-e62eb5e0bc7b,Rayford811 Abbott774,M,GENERAL PRACTICE,77 HIGH ST,NEWBURYPORT,MA,019503071,42.8055312,-70.87001791778893,1,0,9999871590
3c7aa1c1-9d69-3425-b601-48988bab0163,a2cc09de-c1e2-3126-8c09-d49f95225281,Darnell564 Leannon79,M,GENERAL PRACTICE,300 LONGWOOD AVE,WALTHAM,MA,024532741,42.3756401,-71.2358004,151,0,9999995092
6b1f432d-ada3-36fd-bdec-1e516d5038eb,9f2f60a6-87a4-3f45-b753-b63b5b7e9993,Raul814 Considine820,M,GENERAL PRACTICE,332 HANOVER STREET,BOSTON,MA,021131901,42.3647421,-71.0536619,26,0,9999977595
37b33557-4e41-340d-b09b-cdfb5701b7d3,f341c366-8313-3790-ab26-d8d27b116ff5,Augustine565 Greenholt190,M,GENERAL PRACTICE,80 LINCOLN STREET,WALTHAM,MA,024535465,42.39322121170625,-71.24104146434591,32,0,9999970491
fac3c5b7-5517-37fc-8ba9-c2ff6840be56,a730c5e6-a15f-3e36-8112-8579e507d330,Althea11 Ankunding277,F,GENERAL PRACTICE,28 LORD RD,MARLBOROUGH,MA,017524549,42.34718040987546,-71.57283065352654,35,0,9999952499
09dc86f8-1bef-3e2f-9a29-ed4bf233ef65,bebc1dac-6c42-3225-b0ba-23278cdf2a62,Antonia30 Hackett68,M,GENERAL PRACTICE,464 MAIN STREET,AGAWAM,MA,010011826,42.07695165,-72.62026217030348,1,0,9999894196
69b45f2f-4604-33b9-a24b-91eb6127b11a,5a6fa8a5-90e2-3f70-bb3e-3d9dd7ad2f96,Josue598 D'Amore443,M,GENERAL PRACTICE,44 NEW LOMBARD RD,CHICOPEE,MA,010204857,42.1678446,-72.54203576723424,1,0,9999871194
47d32b6a-a577-3a86-8607-a8d9b2c9d104,ce4d0501-49eb-396a-bc56-545fdfc624b0,Mauricio81 Daniel959,M,GENERAL PRACTICE,1 HOSPITAL RD,OAK BLUFFS,MA,025571406,41.46063105,-70.57989080295974,115,0,9999986497
ceef0c79-51c0-3fbc-995f-4eba373718da,1ef8d603-bec1-35f5-a830-2a0b919cf47f,Thresa531 Kutch271,F,GENERAL PRACTICE,1801 TURNPIKE STREET,NORTH ANDOVER,MA,018456322,42.6355548,-71.0761760490546,13,0,9999893693
4f69f42f-d99c-3263-986f-9ef6450d0be9,afc661fd-71d9-3fc3-adf2-3fc3b5e8a140,Leontine92 Schmeler639,F,GENERAL PRACTICE,680 CENTRE ST,RAYNHAM,MA,02767,41.9487118,-71.0731008,51,0,9999992594
747fcccb-8c6a-3956-87a6-436687727f5c,06cc2462-430f-3322-9c87-7e971125f510,Bryon392 Mann644,M,GENERAL PRACTICE,133 OLD ROAD TO 9 ACRE COR,WESTFORD,MA,018863198,42.5792583,-71.4378411,53,0,9999990598
b3cd9f66-f1f3-37fe-8f24-c839b43946fa,4932efc0-a23f-3f57-803e-554caa6ae7a8,Nathalie366 Nitzsche158,F,GENERAL PRACTICE,2446 HIGHLAND AVE,FALL RIVER,MA,027204504,41.73521465,-71.12778915697172,1,0,9999897199
a60094bf-380b-36d3-98af-6b7ceff25052,db106514-f254-3402-b6a4-6d210c78c7e2,Kimbra238 Runolfsdottir785,F,GENERAL PRACTICE,211 FRANKLIN STREET,QUINCY,MA,021697833,42.23691085,-71.00237199954586,8,0,9999882290
4e505a6b-e43c-3325-bc14-bc7f7744e1dd,ee7fab6f-6438-394f-b1f2-3e452f8f055a,Domonique463 Satterfield305,F,GENERAL PRACTICE,75 BRIMBAL AVENUE,BEVERLY,MA,019156009,42.570099299999995,-70.87108224250409,6,0,9999881292
73c37c91-2db4-3035-ad6b-a17ba872183e,79508e39-d0b0-3613-9d54-168f6e1c3a18,Lynwood354 Tromp100,M,GENERAL PRACTICE,200 GROTON ROAD,GROTON,MA,014502056,42.577352149999996,-71.57414587343038,46,0,9999990499
b12f301d-9854-3a36-945a-90d0d1d9be98,907b1d2f-2bf8-31b5-abc2-14d6b75faa96,Lizeth852 Ernser583,F,GENERAL PRACTICE,340 MAPLE ST,MARLBOROUGH,MA,017523200,42.3358161,-71.54106510218209,41,0,9999957696
cb04fbb5-a1db-3c86-b415-a99bac8c6060,1ce0d1a3-b507-3ad1-afc5-b25bfe48b8dc,Dovie983 Welch179,F,GENERAL PRACTICE,10 PEARL STREET,STOUGHTON,MA,020722364,42.125716800000006,-71.1025481568314,62,0,9999936492
ce9dd867-b6d5-35ac-8f8c-6905af6663a0,880fad59-9c38-3a21-a39f-ccc801502ab3,Halina47 Pollich983,F,GENERAL PRACTICE,799 CONCORD AVENUE,CAMBRIDGE,MA,021381048,42.390849395521705,-71.1556550001627,2,0,9999889097
4ba67eac-a99d-34c8-9055-4cf0013c75cc,352f2e3b-0708-3eb4-9f7e-e73a685bf379,Gregg522 Willms744,M,GENERAL PRACTICE,157 UNION ST,SOUTHBOROUGH,MA,017721215,42.3056501,-71.5245087,653,0,9999994392
791445d2-4cda-3c08-8d50-1adaaa89f8f8,10ffe7b1-2f94-3f12-9288-679da05a1ec9,Odessa199 Hintz995,F,GENERAL PRACTICE,133 LITTLETON RD,WESTFORD,MA,01886,42.57056335,-71.41736646422413,48,0,9999971598
e990358f-c561-3daf-b157-5ba8214c85cd,fa34d205-5ac2-3ba2-80a4-bef345dc57f5,Shawnna218 Daniel959,F,GENERAL PRACTICE,37 BROADWAY,ARLINGTON,MA,024745552,42.408086,-71.135914,1,0,9999904490
8dee57b0-a969-3a0a-99b3-099240429e00,fb4a08b8-57ee-382b-b3cb-43d94f1bb4c0,Jude172 Hammes673,M,GENERAL PRACTICE,1010 SOUTH MAIN STREET,FALL RIVER,MA,027242855,41.690775450000004,-71.16515282264554,20,0,9999975094
52d976a6-7d7e-3109-96e6-732b66f54669,d0894f6b-78d7-338d-82ad-b63de4d40014,Dewayne363 Lemke654,M,GENERAL PRACTICE,330 MOUNT AUBURN STREET,WALTHAM,MA,02452,42.3756401,-71.2358004,175,0,9999994590
c52f38ee-3628-3e15-8b24-928425c2bd41,310d02fb-ba0c-3b5a-9ab3-8d7bb8e7b661,Felica690 Farrell962,F,GENERAL PRACTICE,709 WASHINGTON STREET,CANTON,MA,02021,42.1561851,-71.1452049,39,0,9999960294
6c4e41ee-3ecf-303b-89e3-c590131bf36e,3d5fbf38-c781-3e04-8c7e-5a402611b7d4,Vito638 Barton704,M,GENERAL PRACTICE,260 ELM ST,SOMERVILLE,MA,021442951,42.3955992,-71.1227391,67,0,9999963991
3784ea9b-e9f0-3c9e-9960-f2542424b9a3,d6b03647-983f-3162-af9e-b12aea026f13,Son314 MacGyver246,M,GENERAL PRACTICE,65 NEWBURYPORT TPKE,NEWBURY,MA,019501199,42.7891081,-70.87774011339009,38,0,9999955799
a4f30ea7-c930-3a17-88d1-6681176cf69a,f43f97f2-af04-3ed0-a42e-3681718cc9b2,Jacques50 Quigley282,M,GENERAL PRACTICE,725 NORTH ST,PITTSFIELD,MA,012014109,42.4600752,-73.2492795834909,28,0,9999993691
92446aff-4837-3b39-945c-289f8646c375,9ed61c49-1d0c-3774-b528-d75b50938fe2,See995 Stoltenberg489,F,GENERAL PRACTICE,110 West Squantum Street,Quincy,MA,02169,42.272617,-71.03133,111,0,9999983494
5a83dcd0-74c0-3f71-8fa5-4b57a00b2e25,2f67494e-f17e-3248-ba68-3ca42913cca1,Majorie11 Bergstrom287,F,GENERAL PRACTICE,184 MAIN STREET,FAIRHAVEN,MA,027193259,41.646106,-70.90865208079187,13,0,9999895995
1df1de29-47cf-3e4b-9877-06087ef9226c,88975fd9-b47e-3af6-af78-c58e1ecf0d5e,Azzie965 Feil794,F,GENERAL PRACTICE,115 W SILVER ST,WESTFIELD,MA,010853628,42.1178811,-72.75935246865802,11,0,9999991794
ed65f203-9903-3e38-8514-48dc9e619249,19439108-9835-38fe-8ee2-1226a355cfba,Georgeann302 Kunze215,F,GENERAL PRACTICE,694 WORCESTER RD,WELLESLEY,MA,024822837,42.2964859,-71.2925571,11,0,9999883199
b30e58ed-699e-3382-a179-77e448498dab,94ac48ba-e215-3ab9-ba88-a0b926d29cef,Nerissa37 Hahn503,F,GENERAL PRACTICE,300 WINTHROP STREET,MEDFORD,MA,021552311,42.421527,-71.11834,16,0,9999885798
0c9b60a8-ae69-3f1d-96fe-6a8a331f2931,069b90f9-309b-35e4-b990-d1dbacb962cc,Leo278 Strosin214,F,GENERAL PRACTICE,36 LOWER WESTFIELD ROAD,HOLYOKE,MA,010402749,42.16975305,-72.63488031242107,1,0,9999880195
d7a93133-2538-32c1-93c0-a44961fd3b28,b3f4de6b-901d-3856-ba81-35dc48a63d17,Jeana169 Cronin387,F,GENERAL PRACTICE,451 ANDOVER ST STE 205,NORTH ANDOVER,MA,018455079,42.6734518,-71.1268776,48,0,9999944298
a7c2ad87-10b5-34e5-9c3c-368743281a9d,4ba48ef6-19f2-3177-bfaf-096daaebf26a,Gerald181 Wunsch504,M,GENERAL PRACTICE,275 TURNPIKE ST,BRAINTREE,MA,021845328,42.2064195,-71.005067,43,0,9999967497
8ed8f450-e247-389b-a3d0-2927fbcfeabe,f438b8e0-d856-328a-b193-2b014fc4cb97,Karri995 Reinger292,F,GENERAL PRACTICE,981 VARNUM AVENUE,LOWELL,MA,018541913,42.64591185,-71.36487149058269,6,0,9999894691
027284ba-cfcf-335f-b1a7-7cf4ee7d45ca,936ceb96-2b12-371f-aa68-ee02a9c06f4c,Eddie505 Keeling57,F,GENERAL PRACTICE,225 BOSTON ST,LYNN,MA,019043124,42.470497449999996,-70.96003668151566,53,0,9999964395
30ae29c5-af14-340d-92d9-6563bc0335f9,0a8a4b11-d0b8-3cd2-92cd-983de5189cfa,Del587 Nicolas769,M,GENERAL PRACTICE,111 BIRCH STREET,LYNN,MA,019021574,42.47859105,-70.93458444045801,5,0,9999900498
ad79b03b-1c67-3961-89ce-b650ce5a2dc3,7b7ce654-a413-37d1-9d34-97240c0ac580,Liberty95 Kihn564,F,GENERAL PRACTICE,1 WRENTHAM ST,BELLINGHAM,MA,020192532,42.025037350000005,-71.48945118224057,1,0,9999938092
d583bb82-7479-3ce6-a4b9-9a68538498f2,929528f5-8239-36c7-aacb-39424ede9cc5,Enola75 Schinner682,F,GENERAL PRACTICE,40 SUNSET AVENUE,LENOX,MA,012402018,42.35951405,-73.28778674276077,10,0,9999886994
586331a4-4302-348a-a154-d2c294e5d008,7b20d1c4-c56b-3647-801c-5e4e13679073,Mozell819 Prohaska837,F,GENERAL PRACTICE,275 SANDWICH ST,PLYMOUTH,MA,023602183,41.94186605,-70.6455366462985,29,0,9999992693
bbdb42cf-3615-340d-89e7-236fbe284a02,880c8804-deb0-35b0-9132-06950118b8b3,Elijah719 Flatley871,M,GENERAL PRACTICE,150 LINCOLN STREET,NEEDHAM,MA,024922914,42.2743931,-71.23662905222776,7,0,9999883991
3f81e0b9-0aab-303d-89cb-05a1cd8e138f,df852cb2-9fe0-3c90-87ac-46e5f980ee3b,Claudie965 Koch169,F,GENERAL PRACTICE,3 PATTERSON ROAD  SUITE 3,SHIRLEY,MA,014642907,42.552462649999995,-71.62383665745185,9,0,9999909291
f23915b5-5720-379f-ba7d-f5b290934bfc,3e97ce4f-3ad7-3cea-883f-e2bb4ca89d83,Dan465 Swift555,F,GENERAL PRACTICE,30 NEW CROSSING RD,READING,MA,018673270,42.51809619399502,-71.0959083715027,6,0,9999939496
159d8d65-8de0-3846-b489-f88164646219,c0132cf6-1703-3aad-89b4-cc2f2bbc123e,Neville893 Schoen8,M,GENERAL PRACTICE,66 NEWTON STREET,WALTHAM,MA,024536058,42.3746705,-71.22789736306842,3,0,9999895797
3daf431a-3ee8-3650-92b8-ffd9c5b5197b,4f59f709-8b84-3d27-a04b-c6b7b5544413,Natividad796 Davis923,F,GENERAL PRACTICE,70 BOLTWOOD WALK,AMHERST,MA,010022271,42.3768779,-72.51840280783739,2,0,9999973297
a0bee193-3c6c-31b3-8af2-42f296be0311,c4e5b33c-17b8-3f51-a8ba-a327d54e642a,Kaila152 Dibbert990,F,GENERAL PRACTICE,94 N ELM ST,WESTFIELD,MA,010852917,42.1322823,-72.7436679,27,0,9999952093
9267a44b-df9c-30d3-9b3c-9218b228281f,680532c8-2661-3b39-875a-b6ec0746ccf5,Buford910 Dach178,M,GENERAL PRACTICE,30 ATHOL ST,ALLSTON,MA,021341124,42.36075595,-71.13397379082869,73,0,9999980094
e1580c61-8b11-3da0-a5d5-4b75ee0ab7c1,51370692-6296-3150-8672-559fc73f964f,Mateo562 Escobedo608,M,GENERAL PRACTICE,75 FRANCIS ST,WEST BRIDGEWATER,MA,023791542,42.0219112,-71.019004,36,0,9999998690
899bb3ca-9a1c-3acf-b5c6-8bba64c55fca,c6b019eb-28ec-36f6-abf3-bcc4d1d58966,Maren639 Aufderhar910,F,GENERAL PRACTICE,33 AVON ST,WAKEFIELD,MA,018802310,42.50403445,-71.07462951514611,42,0,9999950790
16522b44-0fe3-3bd5-ae6f-e87db0c891f2,b5b380d2-df21-3389-abf0-08551c7e1f2d,Madeline975 Friesen796,F,GENERAL PRACTICE,85 PATTON RD,DEVENS,MA,014344401,42.5304204,-71.61505519305638,227,0,9999989293
98cb411d-622d-3bc7-8237-db45749a3351,31e00f85-6909-3d9f-afc6-5ae507ab0c06,Josephine273 Collier206,F,GENERAL PRACTICE,382 GROVE STREET,BRAINTREE,MA,021847324,42.189369400000004,-70.98451984814267,67,0,9999970194
db583ce9-9aac-3415-938a-d837295672b1,b3312a2d-37e9-35a8-b50d-6c165c437baa,Lorretta561 Reinger292,F,GENERAL PRACTICE,45 DIMOCK ST,ROXBURY,MA,021191029,42.32030665,-71.09721114916246,37,0,9999981399
51936775-54b2-3316-b84c-195ddefe763c,2836d9ac-c6a6-39d1-8f13-fdf0fc8928f4,Carlton317 Koch169,M,GENERAL PRACTICE,365 EAST ST,TEWKSBURY,MA,018761950,42.6069472,-71.2180803,163,0,9999994491
6831150e-f3b0-37aa-869d-7d2a77c818f6,a2f8d8fe-665e-390f-8b9b-efdc0b14a77c,Pearlene638 Towne435,F,GENERAL PRACTICE,161 JACKSON ST,LOWELL,MA,018522103,42.6425382,-71.3093946,1,0,9999981696
48161b80-5072-3523-81e7-3329b8e71887,82c72223-f521-3a34-9b9b-4ff366365399,Margaret865 Reinger292,F,GENERAL PRACTICE,2100 DORCHESTER AVENUE,QUINCY,MA,021691870,42.2509914,-71.0037374,6,0,9999990895
ff68dcf2-41e9-317c-84f8-1474ea7c4b62,15e26ce3-9006-3ce2-9327-493180a15ec1,Marlin805 Breitenberg711,M,GENERAL PRACTICE,6 GROVE ST,NORWELL,MA,020611534,42.172231693916025,-70.87836493029226,45,0,9999957795
3367d933-1fe2-3895-b49f-87da1122a2e5,b5e6f1bd-c744-3556-9775-5ff8399eea33,Hedwig986 Wiza601,F,GENERAL PRACTICE,2284 MAIN ST,CONCORD,MA,017423829,42.44300895,-71.42458458423982,52,0,9999955294
169391fc-ad69-3e4b-920a-65ba14555cd5,7c625dc4-2593-31eb-95fd-6a912832b8bb,Imogene688 Braun514,F,GENERAL PRACTICE,980 WASHINGTON STREET  SUITE 124,DEDHAM,MA,020266704,42.228918,-71.18501264023513,5,0,9999927293
0cc6ceb3-b46c-35d6-a8dd-b1eaa408d28e,04b252db-4231-3cb5-963d-6f096fb4b97c,Lorie307 Grady603,F,GENERAL PRACTICE,1177 PROVIDENCE HIGHWAY,NORWOOD,MA,020625019,42.194543,-71.1994976,13,0,9999939397
40885415-69c7-3534-9bc2-7f440bb863a4,a94f4f6e-88ad-39ff-a935-dc87f13327b1,Carlos172 Wiza601,M,GENERAL PRACTICE,370 WEST STREET,LEOMINSTER,MA,014532073,42.535877150000005,-71.77537115047085,1,0,9999897090
52ccd717-b271-39fa-8e38-57798a522e8a,4bde4cbc-55f7-3501-90eb-2c88178c7be1,Melvin857 Nikolaus26,M,GENERAL PRACTICE,50 MEMORIAL DR,LEOMINSTER,MA,014532238,42.541995,-71.7628835,45,0,9999960195
bd19ee55-7b5f-3edb-9d74-a279232ace7a,e2eab39c-5195-34aa-b35f-e89e37cfed01,Miguel815 Roberts511,M,GENERAL PRACTICE,55 FOGG ROAD,WEYMOUTH,MA,021893141,42.175539799999996,-70.9539153674405,390,0,9999996595
673d2b7f-fd5d-31e4-b38d-5e8903c00ef2,1de7e7d9-9a7a-3a3f-bf4c-b4de450711f2,Isabel214 Quintana711,F,GENERAL PRACTICE,198 LITTLETON RD,WESTFORD,MA,018863429,42.564282,-71.42620615382347,25,0,9999939298
b8f4f640-1844-3dc4-ac53-bc340b054c32,df3f566c-97e5-31ed-b0fe-4b452666f736,Mckinley734 Rodriguez71,M,GENERAL PRACTICE,300 CHESTNUT ST,NEEDHAM,MA,024922477,42.27522125,-71.23743483674366,43,0,9999952895
72169acb-3501-3504-b175-fe06b9ef2202,a525d084-5a8f-3859-a048-2130a4092ec8,Samuel331 Runte676,M,GENERAL PRACTICE,2 MOUNT ROYAL AVENUE  SUITE 350,MARLBOROUGH,MA,017521976,42.34042135,-71.57841367654626,3,0,9999927491
0135536e-246a-38be-a0fa-15e34806eb40,792f1ce2-3420-3f91-bd8c-ce680ef4c5d2,Ervin886 Leannon79,M,GENERAL PRACTICE,309 DRIFTWAY,SCITUATE,MA,020661905,42.1766448,-70.74318482072749,1,0,9999879999
c1f73df7-df01-3d7e-948f-a86eae0b04df,7445ae34-b648-3d3a-b8cf-0eb630061b6e,Brenton674 Pagac496,M,GENERAL PRACTICE,34 CEDAR ST STE 4,WEST ROXBURY,MA,021324338,42.2792649,-71.1494972,1,0,9999904391
9a833596-f732-3464-b0fd-8482fbef120a,18a96051-91f4-3cba-af96-056ea14dfee0,Gaston250 Grimes165,M,GENERAL PRACTICE,25 HIGHLAND AVENUE,NEWBURYPORT,MA,019503872,42.81369325,-70.89091645747592,1,0,9999994194
d8aa8286-f3b9-3003-8cb9-5985e301d798,1ab2b5f9-cb95-3236-beec-9b9d4a407c61,Latoria810 Eichmann909,F,GENERAL PRACTICE,725 NORTH ST,PITTSFIELD,MA,012014109,42.4600752,-73.2492795834909,132,0,9999993592
0201d8bb-3554-3fa8-b30b-6d791eb54c76,a43fd704-ddbc-3f63-b3a0-e97c5d42ab5e,Booker670 Bogan287,M,GENERAL PRACTICE,447 HILL ST,WHITINSVILLE,MA,015881016,42.1216837,-71.6715608,2,0,9999869099
6d061ae2-59e3-3fae-bc13-46189cbae70c,41e2a44c-477c-3511-96f9-12c476aa3b6a,Latoyia537 Lindgren255,F,GENERAL PRACTICE,85 E NEWTON ST,BOSTON,MA,021183553,42.336277100000004,-71.07085295687423,74,0,9999992396
a2048952-600d-3b1d-8c27-dad642e93cba,5b0cd0a0-f277-3a66-bee6-d64b5be4a3f5,Maryann106 Hintz995,F,GENERAL PRACTICE,725 NORTH ST,PITTSFIELD,MA,012015493,42.4600752,-73.2492795834909,15,0,9999993790
68685168-7206-3557-b9ef-4ce88f73c989,4956f573-3dc2-3a67-9692-2f57451744e6,Kathe603 Davis923,F,GENERAL PRACTICE,400 BOLTON STREET,MARLBOROUGH,MA,017523912,42.35966285,-71.55290125539051,1,0,9999883298
44301a6b-2125-332e-ae5c-472866aef79c,b44955d1-f0e2-3beb-a013-708a81dbe430,Ernest565 Runte676,M,GENERAL PRACTICE,680 CENTRE ST,WEST BRIDGEWATER,MA,023791600,42.0219112,-71.019004,15,0,9999970699
0e96f02e-0dbf-31f2-b7b9-1a7c49f5f7ef,363631be-d437-3548-98c2-d10b909c1721,Monty345 Ferry570,M,GENERAL PRACTICE,50 MANSION DRIVE,ROWLEY,MA,019691026,42.73718535100735,-70.88053187301136,6,0,9999885699
beae0b5b-f1d6-34a8-be1a-5ef8cae052b3,c1986c0c-f756-3596-8f90-08adacf220fe,Dong972 Auer97,M,GENERAL PRACTICE,73 CHESTNUT STREET,SAUGUS,MA,019061605,42.4573919,-70.9918055,4,0,9999881599
e7737f42-8f32-340e-88fb-ce3102885da9,67d2f85b-ddc7-3ed0-b90b-6fa5b7b8358a,Norah104 Jenkins714,F,GENERAL PRACTICE,43 FOUNDRY AVE,WALTHAM,MA,024538313,42.37050535,-71.21908334877376,46,0,9999981498
fe081a31-aed0-3802-8233-035146385e79,ce89d7ed-54eb-3eae-881a-15df8e631c47,Silvia880 Howe413,F,GENERAL PRACTICE,36 WILLIAM STREET,LEOMINSTER,MA,014533276,42.5267443,-71.7614891,9,0,9999907998
c6c080e3-b2a9-3c88-8a69-84a726482e4a,0d9b0d22-585e-3fd8-ab02-26b5be7915d1,Jean712 Koelpin146,F,GENERAL PRACTICE,516 CAREW ST,SPRINGFIELD,MA,011042330,42.12133575,-72.59217953646302,43,0,9999991299
6e77107d-bafc-38d7-b135-4ffa847df542,1853aeef-5897-326a-80d6-aa4b0459eb6d,Kendra609 Kassulke119,F,GENERAL PRACTICE,381 WICKENDEN ST,ATTLEBORO,MA,027032247,41.9438129,-71.2806515,3,0,9999938191
0806af5c-078a-36cc-8336-c51f9186a2eb,8a87ef73-eaa2-340a-bec5-c3cef01ef836,Raymond398 Rodriguez71,M,GENERAL PRACTICE,3 PARK DR,WESTFORD,MA,018863511,42.556814700000004,-71.43463308318695,3,0,9999868190
a07ed308-d247-3b39-9e38-401332ca99f3,2ca615f3-87f7-3283-a447-d919a883b676,Elizbeth263 Dickinson688,F,GENERAL PRACTICE,1399 WASHINGTON ST,HANOVER,MA,023391653,42.1441354,-70.8440854,33,0,9999940494
aeb12e87-a05e-351e-bb0b-16b7d1cbb72f,c0a33465-d309-3d2a-932e-9d554a7cc19c,Veronika907 Rogahn59,F,GENERAL PRACTICE,100 CENTURY DR,WORCESTER,MA,016061244,42.3138278,-71.7707002,102,0,9999988196
371df0a8-d052-3903-9938-bc1eb263e688,7f32dd7d-5c35-3ddb-839b-8fbbb930d412,Luna60 Littel644,F,GENERAL PRACTICE,863 CENTRAL STREET,FRAMINGHAM,MA,017014813,42.30758060362541,-71.42846215724606,3,0,9999886291
716f8cbe-65b6-3d80-a8d9-2c74eb7ecd9b,6450f09c-28fc-3815-abfb-62056b72e508,Kory651 Dicki44,M,GENERAL PRACTICE,20 RESEARCH PL,NORTH CHELMSFORD,MA,018632455,42.6389798,-71.3828403,45,0,9999958496
79618ea2-f3ea-393a-9820-81b8ac3c5dbc,1b3fe590-8793-3f08-865d-01fc425a84d4,Mathilde204 Wintheiser220,F,GENERAL PRACTICE,1340 BOYLSTON ST,BOSTON,MA,022154302,42.34392675,-71.09888049065322,85,0,9999981290
1ae4f57c-a5d5-35ad-ad88-7c55ef3a950f,8ec2ca51-abb4-35dd-b90f-6c6aad6d2124,Oda116 Conn188,F,GENERAL PRACTICE,22 JOHNSON STREET,PEABODY,MA,019602311,42.54644385,-70.99288129112277,1,0,9999898890
57f5485d-e537-3535-82a4-4957fc8bb0c4,8af3b144-0e1a-3c90-937d-81a4ed026080,Guillermo498 Fay398,M,GENERAL PRACTICE,800 WASHINGTON STREET,NORWOOD,MA,020623489,42.1886973,-71.2005241,92,0,9999990796
6d2e424b-bfda-3eab-9dc2-909bdc230b33,9fdce5d5-d4d0-3156-a8d5-8757bfe4e9b3,Rosario163 Kilback373,M,GENERAL PRACTICE,1 FARMER CIR,ARLINGTON,MA,024742866,42.42405225,-71.16792616556859,30,0,9999949099
ea7373bf-fb81-3c05-aa90-fbbabd046cb2,b3b56527-d366-3353-bca9-266a12f23051,Obdulia648 Schroeder447,F,GENERAL PRACTICE,60 QUAKER HIGHWAY,UXBRIDGE,MA,015691628,42.06100105,-71.62352848737622,13,0,9999900092
7a40e3fd-1c53-3d13-a07b-3a50ad3d68ba,f1664435-2eca-3eff-bd1a-13701e7ad1bd,Elvin140 Marks830,M,GENERAL PRACTICE,300 PASTEUR DRIVE,NEWTON,MA,024592058,42.3370414,-71.2092214,119,0,9999944199
e3afa206-f364-36d7-9673-521ae8858395,b242f971-3c74-3778-b148-81366c1e6a3f,Jaquelyn689 Bernier607,F,GENERAL PRACTICE,10 CAREMATRIX DR,DEDHAM,MA,020266149,42.2270762,-71.17237295563174,31,0,9999998591
b6ec5b15-643c-3012-9828-6495eabd2786,b93ffa11-ffab-3fe0-8c28-657817801192,Burt293 Berge125,M,GENERAL PRACTICE,9 MAPLE ST,WILBRAHAM,MA,010951730,42.150018599999996,-72.42537320933242,1,0,9999872192
fd0a35f6-a6f8-300d-ad10-a3c781cf6bf0,6929d249-cc27-33aa-a871-b6f26059615d,Martín25 Casas271,M,GENERAL PRACTICE,ONE HOSPITAL ROAD  FIRST FL  WING 5   PO BOX 1477,OAK BLUFFS,MA,025571406,41.4538523,-70.5684713,34,0,9999986091
f3d5ec38-244e-30ff-85e8-06914fcd3fa2,aad05540-c9cb-3805-b3c4-f9b9d9b42b2e,Quentin28 Fritsch593,M,GENERAL PRACTICE,821 E MAIN ST STE 3,CHICOPEE,MA,010206306,42.155774795300516,-72.55672263289513,91,0,9999942896
b2e78e97-6916-32dc-a96a-2d67d24b8270,19a3afba-b409-3650-a0ab-f3faf6e391ef,Haywood675 Strosin214,M,GENERAL PRACTICE,199 REEDSDALE RD,WALTHAM,MA,024511433,42.3756401,-71.2358004,98,0,9999985895
6a287697-1fe2-393b-861e-fb6067399a5c,76b7dbb5-0a02-32a4-9a01-3511f7e45016,Clemente531 Polanco94,M,GENERAL PRACTICE,59 COUNTRY WAY,SCITUATE,MA,020663746,42.1806871,-70.74862935148246,13,0,9999891192
6462383c-e94d-36be-ae39-2f9a5db61f07,b826cbda-f69b-32d0-9e6e-edcb80f692bb,Kisha966 Beahan375,F,GENERAL PRACTICE,169 VALENTINE ROAD,PITTSFIELD,MA,012013042,42.45821049070386,-73.27683573566691,5,0,9999886192
a660d3e5-6770-3a81-a586-77b312f5ef69,e68de1a0-767e-3466-b9a6-43948ee073d3,Gene733 Ratke343,M,GENERAL PRACTICE,160 WELLS AVENUE,NEWTON,MA,024593302,42.29337605,-71.19806353028767,26,0,9999909994
0c258f8d-78c1-3413-90ed-10ce52b95f29,ede8251b-e165-3ef6-b8a0-305217ba8e88,Gene733 Boyle917,F,GENERAL PRACTICE,710 STOCKBRIDGE RD,LEE,MA,012389316,42.29155405,-73.28210389651024,33,0,9999964593
434991bc-4468-3955-a131-9a7e7d8409c0,cbebae9e-f95e-3d2c-9712-289ea8d6aeec,George991 Haley279,M,GENERAL PRACTICE,49 ROBINWOOD AVENUE,QUINCY,MA,021698130,42.2509914,-71.0037374,99,0,9999991398
f86d82f7-4700-3a32-b779-24d93cbe786a,471f7ca2-38f8-3080-8109-187c73ec0b1f,Reginia455 Johnson679,F,GENERAL PRACTICE,27 CONGRESS ST,SALEM,MA,019707308,42.518722068313224,-70.88940635956651,49,0,9999974998
bd9c5236-4dad-30fa-aae5-786a333af0e0,a5577e5c-b886-37a0-8eee-8ff6feb7ea6b,Synthia172 Keebler762,F,GENERAL PRACTICE,330 MOUNT AUBURN ST,CAMBRIDGE,MA,021385502,42.3741033,-71.13417575971958,28,0,9999987198
9a73a8af-46ec-3eeb-844d-5effdce3223b,20df65a4-7567-3066-b680-0f71b0c31d38,Kristina583 Bashirian201,F,GENERAL PRACTICE,242 GREEN ST,GARDNER,MA,014401336,42.58685735,-71.98748072431209,15,0,9999992495
a17c450f-fa85-38a5-b97e-b4b9f20611ea,5581e43d-0463-3a0b-afc7-a60aea5ac96c,Brock407 VonRueden376,M,GENERAL PRACTICE,57 RIVER RD,ANDOVER,MA,018101144,42.69112645,-71.19636086287642,33,0,9999976597
d30fad99-3add-3b0b-8990-285481947e7d,9b8a7a25-b923-3710-9f3c-d42919a3f54f,Heriberto162 Ondricka197,M,GENERAL PRACTICE,146 MAIN ST,MAYNARD,MA,017542651,42.4309786,-71.4552968,138,0,9999952291
ffa29343-48ef-3bad-b921-69da80c7406d,b574fc4f-313c-38a4-9baf-7e12e431a499,Steven797 Schulist381,M,GENERAL PRACTICE,511 W GROVE ST,MIDDLEBORO,MA,023461479,41.90036455,-70.9535889372234,52,0,9999959296
47b873a4-934e-35c8-bb49-71c79d64cc0a,9dbd44ba-59b2-3d1d-ac91-3880af8081d2,Rob341 Larson43,M,GENERAL PRACTICE,529 MAIN ST STE B,ACTON,MA,017203965,42.4878132338563,-71.43046999422496,30,0,9999952390
3d00a08d-4cd0-366b-b61a-1badf6fe073a,845fbd9b-2d1c-39a8-8261-28ae40e4fab2,Bennett146 Rippin620,M,GENERAL PRACTICE,14 PROSPECT STREET,UPTON,MA,015681431,42.1700209025178,-71.59409308099494,203,0,9999998294
47684c3a-477d-374f-b29a-529866226a70,bac9dc0c-cb0f-3fa6-aa12-819dd0fb922a,Nicholas495 Greenfelder433,M,GENERAL PRACTICE,1493 CAMBRIDGE ST,SOMERVILLE,MA,021452935,42.3875968,-71.0994968,222,0,9999993196
517e705f-fc32-3ef1-8c0c-52263ed2b781,9ce6072b-d039-3cde-8eaf-950211b8ae88,Saul605 Ratke343,M,GENERAL PRACTICE,147 S MAIN ST,MIDDLETON,MA,019492446,42.585787222720036,-71.00861442427218,15,0,9999939199
96f469c4-4c13-30e3-8596-ad7567df2b4c,af8566eb-8918-3ec7-ba44-92b6a2cf8097,Madelaine318 Walker122,F,GENERAL PRACTICE,81 HIGHLAND AVE,SALEM,MA,019702714,42.5112107,-70.90516241826194,759,0,9999987297
8c3246e0-e9e5-3040-95dd-fe78528bb113,ecd3b321-0a8a-3ce6-81f0-982dd77fce43,Hunter736 Lesch175,M,GENERAL PRACTICE,25 HIGHLAND AVE,NEWBURYPORT,MA,019503867,42.81369325,-70.89091645747592,73,0,9999994095
aa0f06f5-23d1-31ca-9753-ded5d109580a,4f5e8f16-a31b-3071-8556-d7188ede313d,Kala987 Wolf938,F,GENERAL PRACTICE,575 BEECH ST,HOLYOKE,MA,010402223,42.20105435,-72.628169560868,40,0,9999993295
b0b8cac0-9fd0-3df8-abed-2609c7831edb,615416de-5217-3c11-9828-2d4bacd1d9cb,Brooks264 Williamson769,M,GENERAL PRACTICE,434 ROUTE 134,HYANNIS,MA,026011854,41.6753274,-70.309939,1,0,9999910893
0bf12ebb-44be-30f8-a5d8-131eb8197dd3,a25107f7-f4f5-36fc-98e4-f3e1b5875c91,Tracy345 Wilderman619,M,GENERAL PRACTICE,1285 BEACON ST,WOBURN,MA,018012157,42.4979478,-71.1684508,100,0,9999939090
071107be-b730-3952-9b92-5b6139b27a66,0e6c3ad1-24c1-34cb-bb6d-e8438fa319e2,Vicente970 Almanza534,M,GENERAL PRACTICE,50 DODGE ST,SWAMPSCOTT,MA,019071300,42.4699241,-70.9171507,24,0,9999938696
9876dc61-49f0-3488-809b-5dc9adac813b,05fcf001-ab24-3d7d-85f7-f64942d82738,Leonarda398 Schumm995,F,GENERAL PRACTICE,250 POND STREET,FRAMINGHAM,MA,017014592,42.2838619,-71.4093719,34,0,9999989798
0f816397-6977-3ec7-8ac5-408ae1ae4d42,7e6db51f-7c1b-3555-9e1c-6269ba6d704d,Drew592 Streich926,M,GENERAL PRACTICE,120 STAFFORD STREET SUITE 206,WORCESTER,MA,016031461,42.239638,-71.8443785891577,5,0,9999934190
a861a3ec-dbe3-3e8c-a3bb-63cbe5edd780,83769f98-fff3-3535-8781-6ace5957136f,Harland508 Breitenberg711,M,GENERAL PRACTICE,115 NORTH AVENUE,ROCKLAND,MA,023702129,42.13496385,-70.92237824494691,15,0,9999889998
858d6763-13c7-3066-9bba-b4e7fe805671,0e3a24c3-b772-3059-b3fd-8a4710068a82,Rex53 Gerhold939,M,GENERAL PRACTICE,416 BROADWAY,RAYNHAM,MA,027671737,41.940680799999996,-71.07864352196617,28,0,9999964890
a51e707e-c955-3c60-8557-e79b4efee27a,b8d40f5c-9e4d-3639-89ef-8bf375cb3184,Joshua658 Howe413,M,GENERAL PRACTICE,190 OLD DERBY STREET,HINGHAM,MA,020434065,42.1807101,-70.9170852970031,1,0,9999910695
b0b45170-bb6b-3e47-bbe2-9d3accb06aac,a537b406-fdfa-36b4-84da-12512e7e6c63,Margrett284 Davis923,F,GENERAL PRACTICE,795 MIDDLE ST,STOUGHTON,MA,020721829,42.1252079,-71.1022015,41,0,9999987495
228d7c8a-0dea-37e2-83b6-7865d1c495ca,e5d50afe-8c7d-35f5-96f5-fb8941403b0f,Amparo58 Hayes766,F,GENERAL PRACTICE,125 S CLARK ST STE 900,FALL RIVER,MA,02722,41.74223,-71.129706,17,0,9999941898
28e98af0-d17a-345c-8fc6-6662b16c17c4,9adfae03-673d-365d-9052-f705098fa3e4,Sharilyn202 Wolff180,F,GENERAL PRACTICE,51 BLOSSOM ST,BOSTON,MA,021142699,42.36305545,-71.06643399281765,156,0,9999990093
a39244c8-90fb-3daa-80d3-b5d962531ea6,25431f9a-00e4-36d8-9810-4125328eec50,Kati243 Ruecker817,F,GENERAL PRACTICE,55 FRUIT ST,WALTHAM,MA,02451,42.3756401,-71.2358004,124,0,9999996496
66830869-c952-3647-bf73-8b58b6cbdca4,89171335-b9c0-3326-98d6-a837d432b9fd,Lorette239 Hauck852,F,GENERAL PRACTICE,150 FLANDERS ROAD,LYNN,MA,019042915,42.466763,-70.9494939,186,0,9999988295
c48e547e-4fb0-3a53-9fc8-bb17f5e40568,15d0e449-642a-3d9e-8629-16c7e4a9e4b4,Britt177 Schmitt836,M,GENERAL PRACTICE,71 CENTER ST,FAIRHAVEN,MA,027193822,41.635798300000005,-70.90010980146215,2,0,9999897496
cddb9f2c-a6e6-3432-9408-c5ba3d4f8211,01bde980-bf89-3138-8912-7360dff33247,Caroline183 Lang846,F,GENERAL PRACTICE,456 PARK AVE,WORCESTER,MA,016101254,42.25512735,-71.82580924803523,9,0,9999940395
de263922-8964-3036-a192-c9528767cdc7,217cb6f6-e822-3831-9d9d-ffa104971042,Cira533 Jakubowski832,F,GENERAL PRACTICE,2 REHABILITATION WAY,WOBURN,MA,018016003,42.46352265,-71.161925472006,103,0,9999989897
c199b43d-debe-3540-8aaa-4f2125f266bc,4e56c7ec-99e5-3023-8e4f-95ad18a03f06,Regenia619 Bosco882,F,GENERAL PRACTICE,28 RIVERSIDE DR STE 101,PEMBROKE,MA,023594947,42.11004715,-70.77534154695786,37,0,9999942599
5adecba6-20dc-3fb7-9753-6e69ce4d0165,e2a8b444-9b8f-36ff-84c4-05ee98589482,Francisco472 Gusikowski974,F,GENERAL PRACTICE,8 SHIPWAY PL # C-8,CHARLESTOWN,MA,021294301,42.3778749,-71.0619957,70,0,9999947796
24454467-341c-3d48-a762-26e3f521e30b,9f061925-3642-3352-815e-8c3b2fcfbfaa,Royce974 Goldner995,M,GENERAL PRACTICE,1 DEL POND DR,CANTON,MA,020212759,42.172339,-71.112632,1,0,9999891291
031b5bbb-be2d-3e2b-976e-0e03319c6d98,05f80ed8-6a7a-3728-8b5c-c5c995c8244a,Vernita491 Cartwright189,F,GENERAL PRACTICE,150 South Huntington Avenue,Jamaica Plain,MA,02130,42.32809,-71.11076,188,0,9999985093
a865312d-1c98-3619-8fa7-c703d5cdb78a,3517aff1-b163-3cd5-8fff-19710fcdc1b7,Ladawn167 Cremin516,F,GENERAL PRACTICE,400 HEMENWAY STREET,MARLBOROUGH,MA,017526762,42.36006255767826,-71.5077613040944,21,0,9999907790
956ece59-bdea-3c3c-b94a-95b75d4c2ad2,18d2c9c2-4b92-3664-9b8e-419aff3ce942,Aleshia311 Block661,F,GENERAL PRACTICE,175 GROVE STREET,BRAINTREE,MA,021847253,42.19127375,-70.99279579751581,10,0,9999894899
3d8598c7-b464-3e8b-b494-c85d503739b3,121b0ad1-1beb-3caa-9271-3d3f726bb727,Cortez851 Price929,M,GENERAL PRACTICE,1030 MAIN STREET,WALTHAM,MA,024517447,42.375828,-71.2527956,28,0,9999939892
d18b1f16-cabe-3735-9817-1e3f78540803,db60692f-cbef-315b-9fce-38a7f015c482,Kathi607 Hilpert278,F,GENERAL PRACTICE,72 SHARPE STREET,SCITUATE,MA,020664534,42.1939754,-70.7697128,28,0,9999960591
4cdc0bdd-b122-3be4-9bf8-9a72d6b3b363,883f57b8-89c6-3dc4-b6da-047705c88623,Parker433 Bailey598,M,GENERAL PRACTICE,363 HIGHLAND AVE,FALL RIVER,MA,027203703,41.7093779,-71.1460783680883,12,0,9999994996
f777c1ad-747e-3dbb-bd1c-f274a5baa638,0a2252ba-33de-322f-8f0a-e5b0141f1780,Lincoln623 Block661,M,GENERAL PRACTICE,632 BLUE  HILL AVENUE,DORCHESTER,MA,021213213,42.2941088,-71.0885355,9,0,9999976894
ad591f6e-61a6-3c70-a19b-5e2e7e6b6d08,e1892a2c-6dca-3c4c-93b7-0e00a9eb8b61,Maragaret140 Erdman779,F,GENERAL PRACTICE,20 EAST ST,HANOVER,MA,023391638,42.1278249,-70.82664947485381,59,0,9999954990
431c9038-ddca-3d97-a8f6-c46dd991efa5,67cade01-dcfe-37b7-8e2c-b712d9e6fbba,Terrence276 Wintheiser220,M,GENERAL PRACTICE,694 MAIN ST,HOLDEN,MA,015201862,42.3406819,-71.8390289,33,0,9999957498
7a188fe0-beda-347c-be40-120313730d08,4d3ec6c2-f6aa-3d7b-adcc-e7107dac8530,Elsa29 Schultz619,F,GENERAL PRACTICE,14 MASONIC CIRCLE,AUBURN,MA,015011341,42.181923125,-71.86839612499999,7,0,9999901090
dc62130f-c804-3fa8-9108-84ab0398a3f0,7cb70963-6f86-3eab-a12b-88deb31de793,Kraig824 Ledner144,M,GENERAL PRACTICE,18 DANA HILL ROAD,STERLING,MA,015642414,42.4106904,-71.7976286731579,13,0,9999890491
89996fe4-9383-3417-a0d6-719613f14a80,6d16a8e3-3569-38ab-afac-a2f8c1125085,Miguelina323 Crona259,F,GENERAL PRACTICE,1010 WALTHAM STREET,LEXINGTON,MA,024218052,42.4139392,-71.22929265883278,6,0,9999899195
c843dcc9-51ee-3232-882e-7d5bea223db0,587f07bd-7d69-3291-9aea-abef74f30045,Arlen68 Davis923,M,GENERAL PRACTICE,228 ALMONT ST,MATTAPAN,MA,021261487,42.2805395,-71.09839825,59,0,9999941591
f6113ec1-2366-34b8-aaac-cb111909a4c1,76baa51d-0d0f-359d-a07b-7b999a43d42e,Dong972 Gibson10,F,GENERAL PRACTICE,101 STATION DR STE 240,WESTWOOD,MA,020902336,42.20728361922244,-71.15698168263435,33,0,9999951699
5797d1e8-b8c3-3a27-8d36-d93242f3bd12,53f086de-2fc7-3d35-92c2-aca4ed944e7f,Carisa395 Kutch271,F,GENERAL PRACTICE,1 GENERAL ST,LAWRENCE,MA,018412961,42.7097143,-71.15007700778098,96,0,9999995191
9b58b53c-1696-3f22-bc13-b9dec9e1e8f8,c05d73d0-b348-32ce-9fe5-13a720950f37,Rema399 McDermott739,F,GENERAL PRACTICE,45 DRUM HILL RD,CHELMSFORD,MA,018241503,42.6255635,-71.3615131,5,0,9999938498
3a43e601-a5bc-3cb1-a910-fd095c58c91b,ac0fde88-b0ad-3388-a4a8-b8fc2a4f4af2,Bobbye345 Wuckert783,F,GENERAL PRACTICE,150 YORK STREET,STOUGHTON,MA,020729105,42.144646800000004,-71.09875876961266,161,0,9999999698
9069fd9f-e1aa-3b63-b8bb-ce37b676a504,0592d4e5-a0fb-3143-83cd-8e5a6b066a96,Anderson154 Lemke654,M,GENERAL PRACTICE,20 EAST ST,HANOVER,MA,023391638,42.1278249,-70.82664947485381,17,0,9999938597
cc231454-8c12-32c7-bbd4-a1ae234ebf40,6b9c5830-a278-38ff-887f-ccefd74cf8e8,Rodney21 Hettinger594,M,GENERAL PRACTICE,184 LINCOLN STREET,NORTH EASTON,MA,023561799,42.06665855,-71.11947646404934,8,0,9999890194
e13638ea-c3c4-3fdf-a016-2d6c77f0f560,ba07b31b-bf14-39b8-be95-4c5ca5062daa,Hermelinda327 Hyatt152,F,GENERAL PRACTICE,1575 CAMBRIDGE ST,CAMBRIDGE,MA,021384308,42.375209549999994,-71.10711344152975,523,0,9999992099
16805431-483b-32fc-a2e2-d759d8386a64,104079d4-560e-3eb8-9a48-d495835a3997,Nevada145 Schmeler639,F,GENERAL PRACTICE,68 CAMP ST,MASHPEE,MA,026493465,41.6484421,-70.4811383,60,0,9999956193
